{"rec_avg_loss": 3.045122423837351, "_timestamp": 1714899330.672565, "joint_avg_loss": 0.0, "Align_loss": 0.0, "_runtime": 140.28151106834412, "_step": 6, "_wandb": {"runtime": 163}}