{"rec_avg_loss": 1.6707513581874758, "_timestamp": 1714899928.5925312, "_runtime": 287.2585172653198, "_step": 12, "_wandb": {"runtime": 303}}